<?xml version="1.0" encoding="UTF-8" ?>
<!DOCTYPE configuration
        PUBLIC "-//mybatis.org//DTD Config 3.0//EN"
        "http://mybatis.org/dtd/mybatis-3-config.dtd">
<configuration>
    <!-- 引用db.properties配置文件 -->
    <properties resource="db.properties"/>

    <!--     别名的定义 -->
    <typeAliases>
        <package name="org.mikudd3.pojo"/>
    </typeAliases>

    <environments default="development">
        <environment id="development">
            <transactionManager type="JDBC"/>
            <!-- 配置数据库连接信息 -->
            <dataSource type="POOLED">
                <!-- value属性值：引用db.properties中的参数值 -->
                <property name="driver" value="${mysql.driver}"/>
                <property name="url" value="${mysql.url}"/>
                <property name="username" value="${mysql.username}"/>
                <property name="password" value="${mysql.password}"/>
            </dataSource>
        </environment>
    </environments>
    <!-- 在配置文件（mybatis-config.xml）中注册SQL映射文件（StudentMapper.xml）-->
    <mappers>
        <package name="org.mikudd3.mapper"/>
    </mappers>
</configuration>