<?xml version="1.0" encoding="UTF-8" ?>
<!DOCTYPE mapper
        PUBLIC "-//mybatis.org//DTD Mapper 3.0//EN"
        "http://mybatis.org/dtd/mybatis-3-mapper.dtd">
<mapper namespace="com.itheima.mapper.BrandMapper">


    <resultMap id="brandResultMap" type="brand">
        <result column="brand_name" property="brandName"></result>
        <result column="company_name" property="companyName"></result>
    </resultMap>

    <!--    修改-->
    <update id="updateBrand">
        update tb_brand
        <set>
            <if test="brandName != null and brandName != '' ">
                brand_name = #{brandName}
            </if>
            <if test="companyName != null and companyName != '' ">
                company_name = #{companyName}
            </if>
            <if test="ordered != null and brandName != 0 ">
                ordered = #{ordered}
            </if>
            <if test="description != null and description != '' ">
                description = #{description}
            </if>
            <if test="status != null">
                status = #{status}
            </if>
        </set>
        where id = #{id}
    </update>


    <!--    批量删除-->
    <delete id="deleteByIds">
        delete
        from tb_brand
        where id in
        <foreach collection="ids" item="id" separator="," open="(" close=")">
            #{id}
        </foreach>
    </delete>

    <!--  分页条件查询  -->
    <select id="selectByPageAndCondition" resultMap="brandResultMap">
        select *
        from tb_brand
        <where>
            <if test="brand.brandName != null and brand.brandName != '' ">
                brand_name like '%${brand.brandName}%'
            </if>
            <if test="brand.companyName != null and brand.companyName !='' ">
                and company_name like '%${brand.companyName}%'
            </if>
            <if test="brand.status != null ">
                and status = ${brand.status}
            </if>
        </where>
        limit #{begin},#{size}
    </select>


    <!--    分页查询数据库数据数量-->
    <select id="selectTotalCountBYCondition" resultType="java.lang.Integer">
        select count(*)
        from tb_brand
        <where>
            <if test="brandName != null and brandName != '' ">
                brand_name like #{brandName}
            </if>
            <if test="companyName != null and companyName !='' ">
                and company_name like #{companyName}
            </if>
            <if test="status != null ">
                and status = #{status}
            </if>
        </where>
    </select>
</mapper>